description,business_tags,sector,category,niche,label
"Welchcivils is a civil engineering and construction company that specializes in designing and building utility network connections across the UK. They offer multi-utility solutions that combine electricity, gas, water, and fibre optic installation into a single contract. Their design engineer teams are capable of designing electricity, water and gas networks from existing network connection points to meter locations at the development, as well as project management of reinforcements and diversions. They provide custom connection solutions that take into account any existing assets, maximize the usage of every trench, and meet project deadlines. Welchcivils has considerable expertise installing gas and electricity connections in a variety of market categories, including residential, commercial, and industrial projects, as as well.","['Construction Services', 'Multi-utilities', 'Utility Network Connections Design and Construction', 'Water Connection Installation', 'Multi-utility Connections', 'Fiber Optic Installation']",Services,Civil Engineering Services,Other Heavy and Civil Engineering Construction,Pipeline Construction Services
"Kyoto Vegetable Specialists Uekamo, also known as Iwa-machi, is a company based in Kyoto, Japan that specializes in the sale of vegetables. They have been in business for ten years and offer a collection of vegetable recipes through their Keiō Vegetable Recipe Collection and Online Shop. The company is directly owned by Uekamoo Farm, Uekame Farm, and Lobechi Shijo-hara Farm. They offer a variety of vegetable products, including suguki-zuke and Kamoo eggplant, and also accept production cultivation according to customer requests. Iwaichi Limited Company uses their experience in production and sales to provide tailored vegetables to meet customer needs and also accepts cultivation of products according to their requirements.","['Wholesale', 'Dual-task Movement Products', 'Cast Iron Products Manufacturer', 'Manufacturing Technology', 'Food and Beverage', 'Rice And Noodles', 'High-quality Gloss of Cast Iron', 'Rice Wholesaler', 'Miscellaneous Crop Farming', 'Health and Wellness Products', 'Agricultural Cooperative', 'Medical Practice Based on Eastern Medicine', 'Production', 'Rice Pudding']",Manufacturing,Fruit & Vegetable - Markets & Stores,"Frozen Fruit, Juice, and Vegetable Manufacturing",Food Processing Services
"Loidholdhof Integrative Hofgemeinschaft is a company that offers a range of services and products to its customers. Their products are all handmade and of the highest quality, produced on a biodynamic basis with a focus on freshness and quality. The company's product range includes homemade bread, honey from their own beekeeping, syrup, and fresh vegetables, which can be purchased in their farm shop. In addition to their farm products, they also have a farm shop and cafe where customers can enjoy fresh coffee and delicious cakes.","['Living Forms', 'Farm Cafe', 'Fresh Coffee', 'Community Engagement', 'Freshly Baked Bread', 'Social Interaction Opportunities', 'Fresh Vegetables', 'Homemade Honey', 'Delicious Cakes', 'Community-oriented Living', 'Handmade Products', 'Fresh Juices', 'Farm Fresh Products', 'Integrated Farming Community', 'Biodynamic Farming']",Manufacturing,Farms & Agriculture Production,All Other Miscellaneous Crop Farming,Bakery Production Services
"PATAGONIA Chapa Y Pintura is an auto body shop located in Comodoro Rivadavia, Chubut Province, Argentina. The company specializes in providing auto body repair services.","['Automotive Body Repair Services', 'Interior Repair Services']",Services,Auto Body Shops,"Automotive Body, Paint, and Interior Repair and Maintenance",Spray Painting Services
"Stanica WODNA PTTK Swornegacie is a cultural establishment located in Swornychgaciach, Poland. It is a popular destination for kayakers and tourists of all levels, offering a variety of activities and events. The establishment is managed by Zbigniew Galiński.","['Cultural Activities', 'Accommodation Services', 'Kayak Rentals', 'Small Gastronomy Products', 'Tourism Services', 'Recreational Activities', 'Cultural Center']",Services,Boat Tours & Cruises,"Scenic and Sightseeing Transportation, Water",Travel Services
"BIQ Benefícios is a Brazilian company that specializes in generating benefits for both individuals and businesses. With a structure of three large companies in the food sector and 20 years of experience, BIQ Beneficios has extensive knowledge in this field. The company aims to revolutionize the market through quality services for its customers, accredited employees, and collaborators. BIQ Benefits is duly accredited by the PAT (Worker Food Program) and offers a wide network of accredited establishments that provides employees with the freedom to choose healthy food options. The BIQ Duo card is perfect for those who travel frequently. The app allows users to perform balance queries and statements of BIQ cards, as well as see the average daily spending so that their balance lasts until the end of the month.","['Healthy Food Options', 'Accredited Establishments', 'Daily Spending Tracking Service', 'Benefits and Payment Solutions', 'Balance Queries', 'Balance Statements', 'Benefit Generation', 'Food Cards', 'Flexible and Personalized Benefits Strategy']",Services,Payment Processing & Point of Sale,"Financial Transactions Processing, Reserve, and Clearinghouse Activities",Financial Services
"EnvCompli is a company that provides personalized Industrial General Permit (IGP) Management services for Storm Water Compliance needs. They offer an assigned specialist to meet all your needs, coordinate your lab sample results, and manage your SMARTs account. Their services include preparing a Storm Water Pollution Prevention Plan (Swppp) with on-site evaluation, BMPs evaluation, Monitoring Implementation Plan, Site Map, and SWPPP revision. They also provide customized Inspection Forms to meet your facility needs. EnvComplI was founded by a Stormwater Compliance expert with experience in various industries such as transportation, metal fabrication, scrap metals, plastic film & extrusion, food processing, oil & gas, wood mills, and aerospace. They provide on-the-spot NEC evaluation and solution to ensure the NEC requirements have been met. Additionally, they offer SMART data entry for AdHoc Report (Lab Report) and Annual Report.","['Source Control', 'Inspection and Sampling Event Forms', 'Stormwater Management', 'State Water Boards Smarts']",Services,Environmental Engineering Services,Environmental Consulting Services,Environmental Consulting
"Corrugated Beam Form Ltd is a company based in Walsall, England, specializing in the supply of concrete products.","['Cut Sheets', 'Formwork Installation Services', 'Corner Joints', 'Lightweight Polypropylene Manufacturer', 'Welded Cages', 'Full Drawings Installation Videos', 'Concrete Products', 'Manufacturing', 'Light Weight Polypropyl Alcohol', 'Drawing Take-offs Services', 'Installation Guides', 'Prefabricated U-sections', 'Construction Materials Manufacturing', 'Light and Rigid Formwork']",Manufacturing,Building Material Manufacturers,Engineered Wood Member Manufacturing,Precast Concrete Installation
"The company specializes in the production and distribution of packaging materials, including cardboard sealing tape, wholesale packaging, and packaging supplies. They also offer printed packaging services.","['C Packaging Solutions', 'Wholesale Package', 'Printed Packaging', 'Carton Sealing Tape']",Wholesale,Paper & Cardboard Products,Industrial and Personal Service Paper Merchant Wholesalers,Printing Services
"Indira Caterz And Event Managerzz is a company categorized under restaurant supply stores. It is located in Alappuzha, Kerala, India. The company specializes in providing supplies for restaurants and event management services.","['Event Organization Services', 'Restaurant Supply Store']",Wholesale,Restaurant Equipment,Other Commercial Equipment Merchant Wholesalers,Event Planning Services
